claim_id,prob,risk_drivers_str,explanation
CCLM-00099,0.8440282840311605,prior authorization required but not on file; provider out of network for this payer; billed amount is 3.4x the expected payment,"Claim CCLM-00099 has an 84% predicted denial probability, indicating a high-risk claim due to prior authorization required but not on file and the provider being out of network for this payer, which are significant risk drivers contributing to the elevated denial risk. To mitigate this risk, please obtain the necessary prior authorization and verify the provider's network status with Medicaid MCO (P012) before proceeding with the claim submission. Please note this is a risk estimate based on historical claim patterns, not a guarantee of payment or denial."
CCLM-00259,0.832913435865987,prior authorization required but not on file; referral required but not present; billed amount is 2.8x the expected payment,"Claim CCLM-00259 has an 83% predicted denial probability, indicating it is at high risk due to prior authorization required but not on file and referral required but not present, which are significant administrative gaps that need attention. As per policy, please ensure the missing prior authorization and referral are obtained and attached before submitting this inpatient claim to Medicaid MCO (P008) to mitigate the denial risk. Please note this is a risk estimate based on historical claim patterns, not a guarantee of payment or denial."
CCLM-00013,0.8053824925968661,prior authorization required but not on file; patient eligibility not verified; billed amount is 3.1x the expected payment,"Claim CCLM-00013 has an 81% predicted denial probability, indicating a high-risk claim due to prior authorization required but not on file and patient eligibility not verified, which are significant administrative gaps that need attention. To mitigate this risk, please ensure that the prior authorization is obtained and the patient's eligibility is verified before submitting the claim to Medicare Advantage. Please note this is a risk estimate based on historical claim patterns, not a guarantee of payment or denial."
CCLM-00285,0.8051666484827983,prior authorization required but not on file; required documentation appears incomplete or missing,"Claim CCLM-00285 has an 81% predicted denial probability, indicating it is at high risk due to prior authorization being required but not on file and incomplete or missing documentation. To mitigate this risk, please ensure that the necessary prior authorization and complete documentation are obtained and attached to the claim before proceeding with submission. Please note this is a risk estimate based on historical claim patterns, not a guarantee of payment or denial."
CCLM-00028,0.8034361479086537,patient eligibility not verified; required documentation appears incomplete or missing; billed amount is 2.3x the expected payment,"Claim CCLM-00028 has an 80% predicted denial probability, indicating a high-risk claim due to patient eligibility not being verified and required documentation appearing incomplete or missing, which are significant risk drivers. To mitigate this risk, please verify patient eligibility and ensure all necessary documentation is complete and attached to the claim before submitting it to Medicaid MCO (P012). Please note this is a risk estimate based on historical claim patterns, not a guarantee of payment or denial."
CCLM-00352,0.7873749862738048,prior authorization required but not on file; required documentation appears incomplete or missing; billed amount is 3.2x the expected payment,"Claim CCLM-00352 has a predicted denial probability of 79%, indicating a high-risk claim due to prior authorization required but not on file and required documentation appearing incomplete or missing, which are significant risk drivers. To mitigate this risk, please ensure that the missing prior authorization and required documentation are obtained and attached to the claim before proceeding with submission. Please note this is a risk estimate based on historical claim patterns, not a guarantee of payment or denial."
CCLM-00213,0.7804738436008355,prior authorization required but not on file; submitted late (42 days after service); billed amount is 2.2x the expected payment,"Claim CCLM-00213 has a predicted denial probability of 78%, indicating a high-risk claim due to prior authorization required but not on file and submission 42 days after service, with a billed amount significantly exceeding the expected payment. To mitigate this risk, please obtain and attach the missing prior authorization before submitting the claim to Medicare Advantage (P006) to ensure compliance with policy requirements. Please note this is a risk estimate based on historical claim patterns, not a guarantee of payment or denial."
CCLM-00214,0.7783704264710908,patient eligibility not verified; provider out of network for this payer; submitted late (37 days after service); billed amount is 3.2x the expected payment,"Claim CCLM-00214 has a predicted denial probability of 78%, indicating a high-risk claim due to several identified risk drivers, including patient eligibility not being verified, the provider being out of network for this payer, late submission at 37 days after service, and a billed amount that is 3.2 times the expected payment. To mitigate these risks, please verify patient eligibility and consider obtaining a single-case agreement or adjusting the billed amount to align with the expected payment before proceeding with the claim submission. Please note this is a risk estimate based on historical claim patterns, not a guarantee of payment or denial."
CCLM-00170,0.7776510801398333,patient eligibility not verified; required documentation appears incomplete or missing,"Claim CCLM-00170 has a predicted denial probability of 78%, indicating a high risk of denial due to patient eligibility not being verified and required documentation appearing incomplete or missing, which puts the claim at risk. To mitigate this risk, please verify patient eligibility and ensure all required documentation is complete and attached to the claim before submitting it to the payer. Please note this is a risk estimate based on historical claim patterns, not a guarantee of payment or denial."
CCLM-00023,0.7752972585641116,prior authorization required but not on file; required documentation appears incomplete or missing; submitted late (42 days after service),"Claim CCLM-00023 has a predicted denial probability of 78%, indicating it is at risk due to prior authorization required but not on file, required documentation appearing incomplete or missing, and being submitted late at 42 days after service. To mitigate this risk, please ensure that the missing prior authorization and required documentation are obtained and attached to the claim before proceeding with submission. Please note this is a risk estimate based on historical claim patterns, not a guarantee of payment or denial."
